1.129756,0.572041,-0.195091,1.254961,1.200190,-0.808555,2.135799,2.352019,-0.572890,3.374385,3.438639,-0.007520,-4.677624,1.933328,-13.191260,-4.677624,1.933328,-13.191260,2.721544,3.065163,0.278888,2.222403,2.800247,0.527279,-4.677624,1.933328,-13.191260
1.129756,0.572041,-0.195091,1.254961,1.200190,-0.808555,2.135799,2.352019,-0.572890,3.374385,3.438639,-0.007520,-4.677624,1.933328,-13.191260,-4.677624,1.933328,-13.191260,2.721544,3.065163,0.278888,2.222403,2.800247,0.527279,-4.677624,1.933328,-13.191260
1.129756,0.572041,-0.195091,1.254961,1.200190,-0.808555,2.135799,2.352019,-0.572890,3.374385,3.438639,-0.007520,-4.677624,1.933328,-13.191260,-4.677624,1.933328,-13.191260,2.721544,3.065163,0.278888,2.222403,2.800247,0.527279,-4.677624,1.933328,-13.191260
1.129756,0.572041,-0.195091,1.254961,1.200190,-0.808555,2.135799,2.352019,-0.572890,3.374385,3.438639,-0.007520,-4.677624,1.933328,-13.191260,-4.677624,1.933328,-13.191260,2.721544,3.065163,0.278888,2.222403,2.800247,0.527279,-4.677624,1.933328,-13.191260
1.448754,0.219432,-0.892851,1.674396,0.904374,-1.342090,2.125005,2.077587,-0.844896,3.176164,3.360308,0.066626,1.470973,1.216942,0.380097,-4.677624,1.933328,-13.191260,2.648989,3.066830,0.301157,-4.677624,1.933328,-13.191260,-4.677624,1.933328,-13.191260
1.514421,0.133151,-1.024934,1.694398,0.857008,-1.356152,2.125005,2.077587,-0.844896,3.196777,3.383271,0.093702,1.503006,1.239678,0.373628,-4.677624,1.933328,-13.191260,2.650405,3.060510,0.302293,-4.677624,1.933328,-13.191260,-4.677624,1.933328,-13.191260
1.703671,-0.132813,-0.574440,1.889625,0.497868,-1.085020,2.267671,1.981100,-0.709084,3.275411,3.318325,0.116789,1.994797,0.589237,0.194389,-4.677624,1.933328,-13.191260,2.675066,3.098240,0.239246,-4.677624,1.933328,-13.191260,-4.677624,1.933328,-13.191260
1.754343,-0.528466,-0.222031,1.899370,0.055961,-0.756797,2.187755,1.742607,-0.652548,3.090610,3.452689,0.046388,2.118676,0.268954,0.154265,-4.677624,1.933328,-13.191260,2.678392,3.094226,0.177122,-4.677624,1.933328,-13.191260,5.911750,0.716435,0.558191
1.593235,-0.857185,0.076930,1.818767,-0.401861,-0.575150,2.285206,1.315875,-0.689882,2.916466,3.476948,-0.011281,2.166548,-0.097619,0.305092,-4.677624,1.933328,-13.191260,2.638091,2.932489,0.257548,1.812346,2.568371,0.446151,-4.677624,1.933328,-13.191260
1.536643,-1.169135,0.231265,1.641476,-0.489024,-0.516818,2.103691,1.010894,-0.668048,2.481786,3.134603,-0.254950,2.239713,-0.364449,0.277666,-4.677624,1.933328,-13.191260,2.810809,2.345719,0.243488,-4.677624,1.933328,-13.191260,-4.677624,1.933328,-13.191260
1.492925,-1.621655,0.081853,1.709330,-1.222690,-0.607042,2.103819,0.573371,-0.584591,2.411485,2.957121,-0.324711,-4.677624,1.933328,-13.191260,-4.677624,1.933328,-13.191260,2.742512,2.271917,0.279818,1.217689,1.728122,0.346949,-4.677624,1.933328,-13.191260
1.359467,-1.890793,-0.015382,1.473338,-1.334824,-0.637278,1.926967,0.222148,-0.727371,2.377760,2.255454,-0.317131,1.970512,-0.326982,0.361210,-4.677624,1.933328,-13.191260,2.577889,2.033345,0.331754,1.469134,1.473006,-0.220590,-4.677624,1.933328,-13.191260
1.325554,-2.180541,-0.264253,1.487372,-1.575174,-0.733060,1.792655,-0.001009,-0.761194,2.414479,1.968036,-0.252184,1.631779,-0.790168,0.218767,-4.677624,1.933328,-13.191260,2.378578,1.601731,0.315491,-4.677624,1.933328,-13.191260,-4.677624,1.933328,-13.191260
1.402683,-2.251852,-0.331139,1.565947,-1.726502,-0.797481,1.725178,0.030962,-0.604725,2.312302,1.879293,-0.164474,1.631779,-0.790168,0.218767,-4.677624,1.933328,-13.191260,2.378578,1.601731,0.315491,-4.677624,1.933328,-13.191260,-4.677624,1.933328,-13.191260
1.389998,-2.477688,-0.386991,1.541855,-1.944264,-0.860406,1.749604,-0.345568,-0.817669,2.216985,1.628574,-0.187447,2.126795,-0.595231,0.149667,-4.677624,1.933328,-13.191260,2.178025,1.231601,0.288198,-4.677624,1.933328,-13.191260,-4.677624,1.933328,-13.191260
1.329415,-2.918419,-0.616900,1.468898,-2.216360,-1.030708,1.832889,-0.723814,-0.645220,2.001791,1.378551,-0.294366,1.798846,-1.968429,0.172610,-4.677624,1.933328,-13.191260,2.235992,1.093903,0.267709,1.552726,0.914200,0.192911,-4.677624,1.933328,-13.191260
1.329415,-2.918419,-0.616900,1.592209,-2.428243,-1.038022,1.890442,-0.897373,-0.865494,2.002920,1.318247,-0.167105,1.712276,-2.020868,0.326571,-4.677624,1.933328,-13.191260,2.108312,0.091472,0.480590,-4.677624,1.933328,-13.191260,5.363792,1.840322,0.253517
1.070987,-3.252817,-0.598659,1.245070,-2.577159,-0.956494,1.533659,-1.271543,-0.749222,1.893024,1.105578,-0.088871,1.550355,-2.109605,0.265819,-4.677624,1.933328,-13.191260,2.519988,0.501506,0.318390,-4.677624,1.933328,-13.191260,-4.677624,1.933328,-13.191260
1.100565,-3.341853,-0.447749,1.356148,-2.744103,-0.904085,1.611519,-1.411631,-0.731670,1.947352,1.021945,-0.127824,1.408987,-2.233314,0.127963,-4.677624,1.933328,-13.191260,2.623438,0.354820,0.277691,-4.677624,1.933328,-13.191260,-4.677624,1.933328,-13.191260
0.994767,-3.843877,-0.199991,1.186948,-3.330743,-0.704318,1.617718,-1.590825,-0.742593,2.029446,0.689299,-0.227442,1.225607,-2.444041,0.172904,-4.677624,1.933328,-13.191260,2.647325,0.298450,0.229713,1.363974,0.768208,0.125477,-4.677624,1.933328,-13.191260
0.725363,-4.872851,0.000271,1.004755,-4.451130,-0.528777,1.687375,-2.761806,-0.667259,1.773670,0.383176,-0.413647,1.055202,-2.888549,0.193314,-4.677624,1.933328,-13.191260,2.250222,-1.595300,0.182784,1.555798,-0.884300,0.358429,4.653531,2.409728,0.196180
0.725363,-4.872851,0.000271,1.004755,-4.451130,-0.528777,0.292842,-3.264368,-0.589680,1.993796,-0.176187,-0.409143,1.055202,-2.888549,0.193314,-4.677624,1.933328,-13.191260,1.637355,-0.825947,0.376137,1.075700,-0.086528,0.193794,4.653531,2.409728,0.196180
0.446439,-5.404818,-0.220932,0.579874,-4.877603,-0.685494,0.951039,-3.191272,-0.623154,1.776600,-0.977629,-0.333054,0.866567,-3.878042,0.514491,-4.677624,1.933328,-13.191260,1.761650,-1.153348,0.455975,1.051181,-1.749761,0.248470,3.957364,2.401530,0.405931
0.488732,-5.340250,-0.240912,0.708122,-4.850949,-0.753008,0.952727,-3.188089,-0.689321,1.491081,-0.969886,-0.275261,0.881481,-3.862767,0.515875,0.648530,-3.976905,0.087165,1.738715,-1.145591,0.520320,1.021098,-1.729384,0.185080,-4.677624,1.933328,-13.191260
0.537926,-5.272351,-0.453938,0.819542,-4.778854,-0.857000,1.140941,-3.206917,-0.743750,1.537462,-0.996220,-0.215880,1.111247,-4.335193,0.278518,0.657703,-3.972913,0.086594,1.736389,-1.144516,0.535266,1.039979,-1.750186,0.199847,3.515515,2.223292,0.501773
0.528023,-5.252769,-0.566227,0.688172,-4.633381,-0.925655,1.130363,-3.172923,-0.803861,1.718002,-1.062915,-0.289622,1.111247,-4.335193,0.278518,-4.677624,1.933328,-13.191260,1.736389,-1.144516,0.535266,1.040451,-1.751537,0.183657,3.515515,2.223292,0.501773
0.609908,-4.550563,-0.426179,0.764613,-3.958992,-0.953369,0.047196,-3.224308,-0.691127,1.783332,-0.821845,-0.083836,1.076401,-3.995922,0.263236,-4.677624,1.933328,-13.191260,1.721327,-1.121487,0.549455,1.009402,-1.697998,0.283841,4.218279,2.664853,0.445834
0.816761,-4.541972,-0.446975,0.955070,-3.912469,-0.950687,1.130688,-2.305384,-0.552748,1.762241,-0.732654,-0.092640,1.110250,-3.906398,0.277792,-4.677624,1.933328,-13.191260,-4.677624,1.933328,-13.191260,-4.677624,1.933328,-13.191260,-4.677624,1.933328,-13.191260
0.558885,-4.227089,-0.465792,0.720192,-3.612822,-0.985823,1.186088,-2.414772,-0.824920,2.252380,-1.136255,0.063496,0.990182,-3.587301,0.258183,-4.677624,1.933328,-13.191260,-4.677624,1.933328,-13.191260,-4.677624,1.933328,-13.191260,-4.677624,1.933328,-13.191260
0.399434,-4.119676,-0.372644,0.606450,-3.515851,-0.937641,1.123708,-2.385651,-0.798017,1.793764,-0.673031,0.045140,0.990182,-3.587301,0.258183,-4.677624,1.933328,-13.191260,-4.677624,1.933328,-13.191260,-4.677624,1.933328,-13.191260,-4.677624,1.933328,-13.191260
0.317677,-3.990772,-0.339762,0.438254,-3.545063,-0.868371,0.972341,-2.276404,-0.521835,1.790375,-0.686910,0.044166,0.999477,-3.576289,0.262816,-4.677624,1.933328,-13.191260,-4.677624,1.933328,-13.191260,-4.677624,1.933328,-13.191260,-4.677624,1.933328,-13.191260
0.199742,-3.880056,-0.184885,0.380485,-3.465167,-0.852020,0.972341,-2.276404,-0.521835,1.816079,-0.675199,0.008471,0.999477,-3.576289,0.262816,-4.677624,1.933328,-13.191260,-4.677624,1.933328,-13.191260,-4.677624,1.933328,-13.191260,-4.677624,1.933328,-13.191260
-0.150359,-3.442499,-0.066730,0.182992,-3.387356,-0.711632,0.905205,-2.274609,-0.506289,2.259913,-1.004784,0.051372,-4.677624,1.933328,-13.191260,-4.677624,1.933328,-13.191260,-4.677624,1.933328,-13.191260,-4.677624,1.933328,-13.191260,-4.677624,1.933328,-13.191260
-0.270729,-3.318142,0.068004,0.011401,-3.243515,-0.615549,0.922660,-2.223487,-0.673164,2.298729,-1.070716,0.054169,-4.677624,1.933328,-13.191260,-4.677624,1.933328,-13.191260,-4.677624,1.933328,-13.191260,-4.677624,1.933328,-13.191260,-4.677624,1.933328,-13.191260
-0.575919,-3.416861,0.030087,-0.253447,-3.185680,-0.619714,0.393221,-2.376900,-0.608508,2.264448,-0.992396,0.015314,-4.677624,1.933328,-13.191260,-4.677624,1.933328,-13.191260,-4.677624,1.933328,-13.191260,-4.677624,1.933328,-13.191260,4.187895,2.803771,0.433151
-4.677624,1.933328,-13.191260,-0.529885,-3.292245,-0.595101,0.562787,-2.273553,-0.638329,1.895354,-0.902549,-0.067423,-4.677624,1.933328,-13.191260,-4.677624,1.933328,-13.191260,1.762134,-1.163052,0.506564,1.008611,-1.634893,0.174402,4.142364,2.680599,0.408364
-1.050712,-3.597038,0.011418,-0.777045,-3.373906,-0.578063,0.384891,-2.533016,-0.640644,1.869377,-1.052288,-0.097808,-4.677624,1.933328,-13.191260,-4.677624,1.933328,-13.191260,1.996975,-2.095831,0.232765,0.571734,-1.094759,0.329096,4.017032,2.323223,0.415097
-1.279272,-3.755970,0.044625,-1.006072,-3.477153,-0.579364,0.104205,-2.675901,-0.611873,1.785146,-1.389770,-0.146366,-4.677624,1.933328,-13.191260,-4.677624,1.933328,-13.191260,1.534207,-2.646617,0.179293,1.191828,-1.852451,0.271971,3.824991,1.930628,0.414771
-1.576398,-3.968101,-0.053901,-1.378081,-3.638255,-0.622761,-0.105636,-2.697821,-0.660547,1.543261,-1.505306,-0.112817,-4.677624,1.933328,-13.191260,-4.677624,1.933328,-13.191260,0.796592,-2.015613,0.580044,1.002487,-1.848482,0.322995,3.676688,1.758416,0.382954
-4.677624,1.933328,-13.191260,-1.465760,-4.152709,-0.620604,-0.289300,-3.082450,-0.668113,1.344683,-1.800559,-0.208397,-4.677624,1.933328,-13.191260,-4.677624,1.933328,-13.191260,0.728553,-2.100673,0.509707,0.897496,-1.981715,0.219304,3.229223,1.494944,0.379300
-2.382182,-4.394891,-0.079190,-2.018406,-4.161330,-0.641284,-0.734878,-3.387864,-0.672893,1.046589,-2.064690,-0.321082,-4.677624,1.933328,-13.191260,-4.677624,1.933328,-13.191260,1.162545,-3.019529,-0.018234,0.273431,-2.535824,0.107477,3.258298,1.189020,0.345550
-2.740948,-4.584979,-0.000074,-2.417011,-4.316781,-0.603789,-1.156049,-3.574332,-0.683773,0.625459,-2.355024,-0.383337,-4.677624,1.933328,-13.191260,-4.677624,1.933328,-13.191260,1.132906,-3.011069,0.206116,-4.677624,1.933328,-13.191260,3.338842,0.858369,0.271560
-2.883677,-4.692764,-0.213626,-2.568128,-4.392931,-0.669687,-1.386082,-3.720842,-0.589894,0.451487,-2.528520,-0.281357,-4.677624,1.933328,-13.191260,-4.677624,1.933328,-13.191260,0.707163,-3.555601,-0.050149,-4.677624,1.933328,-13.191260,-4.677624,1.933328,-13.191260
-2.910486,-4.730652,-0.263801,-2.560453,-4.353275,-0.794423,-1.406988,-3.710225,-0.658090,0.507391,-2.522915,-0.198905,-4.677624,1.933328,-13.191260,-4.677624,1.933328,-13.191260,0.214247,-3.559906,0.368585,-4.677624,1.933328,-13.191260,-4.677624,1.933328,-13.191260
-2.835145,-4.613197,-0.484975,-2.419032,-4.295027,-0.912936,-1.267167,-3.666127,-0.718433,0.543521,-2.511482,-0.144775,-4.677624,1.933328,-13.191260,-4.677624,1.933328,-13.191260,-0.174458,-2.894701,0.577938,-0.274868,-2.971121,0.279056,-4.677624,1.933328,-13.191260
-2.830396,-4.607604,-0.482220,-2.414481,-4.298871,-1.035307,-1.267167,-3.666127,-0.718433,0.543521,-2.511482,-0.144775,-1.658118,-4.353083,0.212676,-2.162211,-3.765085,0.229869,-0.174458,-2.894701,0.577938,-0.281182,-2.964794,0.279453,-4.677624,1.933328,-13.191260
-2.402690,-4.465854,-0.579697,-2.083452,-4.159109,-1.064637,-1.002740,-3.523261,-0.762536,0.616425,-2.366128,0.035628,-1.744107,-3.996906,0.362645,-2.020378,-4.173348,0.090157,-4.677624,1.933328,-13.191260,-4.677624,1.933328,-13.191260,-4.677624,1.933328,-13.191260
-2.392281,-4.453101,-0.568842,-2.084361,-4.159178,-1.083482,-1.006601,-3.519508,-0.773450,0.616425,-2.366128,0.035628,-1.642298,-4.373542,0.196823,-2.102030,-3.797314,0.250051,-4.677624,1.933328,-13.191260,-4.677624,1.933328,-13.191260,-4.677624,1.933328,-13.191260
-2.369740,-4.476783,-0.505516,-1.970989,-4.089714,-1.058615,-0.919568,-3.457053,-0.754115,0.682404,-2.339246,0.076496,-1.644418,-4.367325,0.206419,-2.114190,-3.765512,0.236806,-4.677624,1.933328,-13.191260,-4.677624,1.933328,-13.191260,-4.677624,1.933328,-13.191260
-2.345097,-4.459826,-0.470368,-1.974275,-4.081022,-1.034214,-0.922012,-3.450847,-0.752692,0.682404,-2.339246,0.076496,-1.652994,-4.345594,0.202579,-4.677624,1.933328,-13.191260,-4.677624,1.933328,-13.191260,-4.677624,1.933328,-13.191260,-4.677624,1.933328,-13.191260
-2.348198,-4.493266,-0.474882,-1.990825,-4.108706,-1.050406,-0.927224,-3.479088,-0.780578,0.663112,-2.350956,0.076898,-1.626199,-4.386981,0.219173,-2.107174,-3.755101,0.237781,-4.677624,1.933328,-13.191260,-4.677624,1.933328,-13.191260,-4.677624,1.933328,-13.191260
-2.091889,-4.511674,-0.337357,-1.883456,-4.110577,-1.000948,-0.846016,-3.414618,-0.765473,0.719943,-2.287213,0.091036,-1.520992,-4.306770,0.194104,-4.677624,1.933328,-13.191260,-0.130296,-2.844832,0.604404,-4.677624,1.933328,-13.191260,3.328738,0.354891,0.442194
-2.045491,-4.484832,-0.220784,-1.851407,-4.162451,-0.863283,-0.837931,-3.412008,-0.769605,0.686363,-2.299324,0.077208,-1.674032,-3.972223,0.370638,-4.677624,1.933328,-13.191260,-0.123865,-2.838973,0.592375,-4.677624,1.933328,-13.191260,-4.677624,1.933328,-13.191260
-1.791255,-4.826743,0.029257,-1.781003,-4.326333,-0.701271,-0.854803,-3.475947,-0.708085,0.650267,-2.297524,0.075932,-1.684242,-4.007932,0.366889,-4.677624,1.933328,-13.191260,-0.122064,-2.839201,0.604794,-4.677624,1.933328,-13.191260,-4.677624,1.933328,-13.191260
-1.850414,-4.847744,-0.032144,-1.858484,-4.355329,-0.724299,-0.874145,-3.485433,-0.705722,0.632771,-2.336721,0.062229,-1.652825,-4.017199,0.388009,-4.677624,1.933328,-13.191260,-0.151519,-2.830219,0.594062,-4.677624,1.933328,-13.191260,-4.677624,1.933328,-13.191260
-1.830885,-4.981944,-0.027588,-1.830367,-4.504069,-0.733167,-0.924882,-3.571054,-0.721408,0.569192,-2.302997,0.059571,-1.680240,-4.043432,0.412358,-1.990838,-4.138102,0.144899,-0.137671,-2.836735,0.587426,-4.677624,1.933328,-13.191260,-4.677624,1.933328,-13.191260
-1.899889,-5.182955,0.100026,-1.846305,-4.707417,-0.663756,-1.117978,-3.753184,-0.706191,0.408898,-2.371026,-0.056211,-1.391164,-4.538413,0.296492,-2.096771,-3.767766,0.247872,-0.155711,-2.873713,0.557548,-4.677624,1.933328,-13.191260,-4.677624,1.933328,-13.191260
-1.935646,-5.396147,0.040228,-1.860903,-4.903671,-0.645204,-1.228995,-3.905628,-0.673314,0.089406,-2.117588,-0.098318,-4.677624,1.933328,-13.191260,-4.677624,1.933328,-13.191260,-0.210961,-2.882197,0.544483,-4.677624,1.933328,-13.191260,-4.677624,1.933328,-13.191260
-1.695753,-5.761551,0.031952,-1.740407,-5.250598,-0.665934,-1.304568,-4.162326,-0.719617,-0.152436,-2.437509,-0.071888,-1.349724,-4.828482,0.271702,-4.677624,1.933328,-13.191260,-0.186444,-3.781926,0.075171,-4.677624,1.933328,-13.191260,-4.677624,1.933328,-13.191260
-1.931401,-5.778195,0.026384,-1.860882,-5.285288,-0.674846,-1.414463,-4.025500,-0.546327,-0.262991,-2.450308,-0.045807,-1.385326,-4.833792,0.269878,-4.677624,1.933328,-13.191260,0.145200,-3.555792,0.208951,-4.677624,1.933328,-13.191260,-4.677624,1.933328,-13.191260
-1.845343,-5.857710,0.027101,-1.814805,-5.386036,-0.692257,-1.272270,-4.229058,-0.670634,-0.420924,-2.471716,-0.140285,-1.400902,-4.820595,0.248134,-4.677624,1.933328,-13.191260,0.077073,-3.558434,0.174730,-4.677624,1.933328,-13.191260,-4.677624,1.933328,-13.191260
-1.561418,-5.917171,-0.013787,-1.554441,-5.453871,-0.736907,-1.302163,-4.186815,-0.522287,-0.593367,-2.422904,-0.097370,-4.677624,1.933328,-13.191260,-4.677624,1.933328,-13.191260,-0.440180,-3.634416,0.160727,-4.677624,1.933328,-13.191260,-4.677624,1.933328,-13.191260
-1.244084,-5.996561,-0.009239,-1.163143,-5.571410,-0.690625,-1.134969,-4.420006,-0.650596,-0.620361,-2.410691,-0.082079,-4.677624,1.933328,-13.191260,-4.677624,1.933328,-13.191260,-4.677624,1.933328,-13.191260,-4.677624,1.933328,-13.191260,-4.677624,1.933328,-13.191260
-1.006630,-6.160187,-0.003482,-0.993549,-5.729515,-0.673864,-1.086033,-4.416765,-0.698626,-0.759354,-2.495519,-0.098946,-1.258459,-4.923438,0.246375,-4.677624,1.933328,-13.191260,-0.700133,-3.138679,0.392157,-4.677624,1.933328,-13.191260,-4.677624,1.933328,-13.191260
-0.942276,-6.699073,0.026896,-0.674558,-6.240185,-0.556034,-1.059247,-4.854675,-0.609306,-0.870831,-2.592510,-0.171404,-4.677624,1.933328,-13.191260,-4.677624,1.933328,-13.191260,-0.860255,-3.146914,0.226025,-4.677624,1.933328,-13.191260,-4.677624,1.933328,-13.191260
-1.060927,-6.792849,-0.023625,-0.827250,-6.364807,-0.600362,-1.109234,-4.980543,-0.613310,-0.895548,-2.614311,-0.142153,-0.864259,-5.685213,0.173592,-4.677624,1.933328,-13.191260,-0.844055,-3.062591,0.455144,-4.677624,1.933328,-13.191260,-4.677624,1.933328,-13.191260
-1.209634,-6.923951,-0.096954,-0.909298,-6.382790,-0.635830,-1.175001,-4.934387,-0.579194,-0.994864,-2.638901,-0.053749,-4.677624,1.933328,-13.191260,-4.677624,1.933328,-13.191260,-0.843152,-3.095658,0.276119,-4.677624,1.933328,-13.191260,-4.677624,1.933328,-13.191260
-1.261947,-6.941074,-0.315194,-0.980288,-6.394514,-0.754542,-1.288677,-4.905286,-0.667107,-1.061344,-2.711925,-0.074783,-0.875226,-5.625085,0.243833,-4.677624,1.933328,-13.191260,-0.624600,-3.273360,0.367355,-4.677624,1.933328,-13.191260,-4.677624,1.933328,-13.191260
-1.198552,-6.992448,-0.671331,-0.952593,-6.339858,-0.950604,-1.279419,-4.861607,-0.774751,-1.058695,-2.730574,-0.057116,-0.869955,-5.623910,0.241925,-4.677624,1.933328,-13.191260,-0.621918,-3.279723,0.365550,-4.677624,1.933328,-13.191260,-4.677624,1.933328,-13.191260
-0.556832,-6.853563,-0.933098,-0.569720,-6.207710,-1.118587,-0.884505,-4.971729,-0.759846,-1.068267,-2.717292,-0.036280,-0.870072,-5.606658,0.400342,-1.885405,-5.153062,0.259629,-0.635439,-3.247961,0.374555,-4.677624,1.933328,-13.191260,-4.677624,1.933328,-13.191260
-0.439171,-6.606492,-1.087449,-0.520780,-5.964881,-1.268676,-0.865968,-4.806128,-0.839988,-1.097084,-2.652197,-0.045282,-0.882906,-5.566578,0.393442,-1.835076,-5.490784,0.131413,-0.628764,-3.257905,0.383790,-4.677624,1.933328,-13.191260,-4.677624,1.933328,-13.191260
-0.341827,-6.508138,-1.416875,-0.416176,-5.848151,-1.500644,-0.851249,-4.715881,-0.914990,-1.353815,-2.673925,0.010406,-0.880158,-5.582548,0.371833,-1.810931,-5.501568,0.110699,-0.615773,-3.268811,0.366883,-4.677624,1.933328,-13.191260,-4.677624,1.933328,-13.191260
-0.333499,-6.517261,-1.695665,-0.420514,-5.826996,-1.691977,-0.809271,-4.732597,-1.024988,-1.075179,-2.714960,0.043091,-0.869654,-5.580491,0.374038,-1.630938,-5.029697,0.104579,-0.619572,-3.256254,0.338760,-4.677624,1.933328,-13.191260,-4.677624,1.933328,-13.191260
-0.301438,-6.514259,-1.860740,-0.864658,-5.935559,-1.830328,-0.769139,-4.780512,-1.128987,-1.386701,-2.776256,0.094616,-0.849744,-5.605119,0.299254,-1.712946,-5.124840,0.159573,-0.545846,-3.502502,0.388500,-4.677624,1.933328,-13.191260,-4.677624,1.933328,-13.191260
-0.325547,-6.557392,-2.107472,-0.392636,-5.898527,-1.999113,-0.785987,-4.811924,-1.194228,-1.386353,-2.869366,0.022946,-1.206130,-5.914844,0.122739,-1.540200,-5.171594,0.248802,-0.454089,-3.787546,0.172498,-4.677624,1.933328,-13.191260,-4.677624,1.933328,-13.191260
-0.496463,-6.599796,-2.428007,-0.447367,-5.945064,-2.297372,-0.838078,-4.932957,-1.372677,-1.331900,-3.011540,0.026474,-2.116569,-6.708541,-0.148858,-0.909528,-5.734859,0.106255,-0.411450,-3.968761,0.135838,-4.677624,1.933328,-13.191260,-4.677624,1.933328,-13.191260
-0.477208,-6.622619,-2.505465,-0.484025,-5.969080,-2.345746,-1.000243,-4.989462,-1.399658,-1.328735,-3.085269,0.045171,-0.951724,-6.425647,-0.491723,-0.966759,-5.826821,0.290353,-0.667103,-4.469638,0.299088,-4.677624,1.933328,-13.191260,-4.677624,1.933328,-13.191260
-0.369867,-6.680683,-2.636518,-1.156378,-6.175016,-2.353380,-0.889433,-5.046785,-1.458925,-1.202244,-3.089369,0.019355,-0.822678,-6.167313,-0.397631,-1.309116,-6.058804,-0.037295,-0.611613,-4.625973,0.306227,-4.677624,1.933328,-13.191260,-4.677624,1.933328,-13.191260
-0.334410,-6.662757,-2.780689,-0.325424,-6.011738,-2.664955,-1.227752,-5.083696,-1.407118,-1.145087,-2.993797,0.002234,-0.640032,-5.755994,-0.225547,-4.677624,1.933328,-13.191260,-0.699151,-4.572799,0.287354,-1.897740,-4.523019,0.228925,1.008343,0.012411,-0.022361
-0.376729,-6.633924,-3.226849,-0.360123,-5.979237,-3.124316,-0.996310,-5.039331,-1.810652,-1.196191,-3.073723,-0.022646,-0.158489,-6.181801,-1.764415,-1.165254,-6.206802,-1.273676,-0.540466,-4.745462,0.377189,-4.677624,1.933328,-13.191260,-4.677624,1.933328,-13.191260
-0.340911,-6.686065,-3.681578,-0.347281,-6.033176,-3.593593,-0.970240,-5.148575,-2.025804,-1.283583,-3.348133,-0.066817,0.204870,-6.314596,-2.469485,-0.750320,-6.679188,-2.715013,-1.075471,-5.200144,-0.048447,-1.812957,-4.824459,0.167243,-4.677624,1.933328,-13.191260
-0.591038,-6.643212,-3.956006,-0.730761,-6.055279,-3.873336,-0.918187,-5.255766,-2.160880,-1.289227,-3.458409,-0.291590,-0.028582,-6.459002,-3.095489,-0.943500,-6.523211,-2.777083,-1.062961,-5.197379,-0.027146,-4.677624,1.933328,-13.191260,-4.677624,1.933328,-13.191260
-0.515850,-6.698895,-4.511410,-0.551304,-6.032707,-4.449264,-1.277700,-5.516499,-2.316685,-1.279698,-3.619020,-0.504573,-0.850183,-6.901989,-3.473502,-4.677624,1.933328,-13.191260,-1.088926,-5.220462,-0.007867,-1.365396,-4.318918,0.326602,0.105018,-0.244318,0.200421
-0.507045,-6.728883,-4.747919,-0.561605,-6.070623,-4.708513,-1.329840,-5.566410,-2.415963,-1.589950,-3.910902,-0.616171,-0.158104,-6.339454,-3.580795,-4.677624,1.933328,-13.191260,-1.068972,-5.207713,-0.064864,-1.361393,-4.396233,0.309958,0.053101,-0.277517,0.198301
-0.634241,-6.661684,-4.860505,-0.862021,-6.074674,-4.700216,-1.329840,-5.566410,-2.415963,-1.270611,-3.638884,-0.557769,-0.842291,-6.898418,-3.482800,-4.677624,1.933328,-13.191260,-1.063077,-5.202235,-0.081421,-1.846753,-4.809860,0.044987,-1.456063,-2.056715,-3.400002
-0.673226,-6.731870,-5.243824,-0.838719,-6.196266,-4.964658,-1.257566,-5.625661,-2.486948,-1.172137,-3.733249,-0.673032,-0.887206,-6.887976,-3.610596,-4.677624,1.933328,-13.191260,-0.719557,-4.582133,0.180644,-1.827407,-4.901654,0.001152,-0.094020,-0.467202,0.191669
-0.673226,-6.731870,-5.243824,-0.891616,-6.169673,-5.053794,-1.118403,-5.665562,-2.576445,-1.172137,-3.733249,-0.673032,-0.887206,-6.887976,-3.610596,-4.677624,1.933328,-13.191260,-0.723865,-4.578883,0.178283,-1.827407,-4.901654,0.001152,-0.089608,-0.474095,0.191888
-0.633733,-6.626182,-5.358626,-0.698552,-6.013843,-5.237337,-1.130176,-5.319868,-2.581725,-1.173955,-3.929179,-0.541902,-0.878385,-6.878626,-3.607221,-0.118841,-6.466482,-3.663032,-0.718941,-4.591604,0.166766,-1.823870,-4.898906,0.004848,-0.360595,-0.508339,0.131113
-0.777822,-6.482528,-5.329342,-0.820312,-5.861809,-5.221972,-1.130151,-5.705631,-2.619216,-1.206712,-3.736657,-0.672358,-0.916682,-6.885293,-3.587134,-0.115566,-6.478928,-3.671163,-0.703341,-4.587649,0.172901,-1.846421,-4.912202,-0.014978,-0.170082,-0.404286,0.204416
-0.830572,-6.487782,-5.164751,-0.952022,-5.914868,-4.988014,-1.156517,-5.628261,-2.562750,-1.352169,-3.868591,-0.701173,-0.913769,-6.874721,-3.589901,-0.151834,-6.338069,-4.115772,-0.712221,-4.561110,0.176416,-1.846393,-4.897259,-0.000277,-0.409423,-0.311990,0.110823
-0.862650,-6.405527,-5.118767,-0.977746,-5.869711,-4.870474,-1.158683,-5.597468,-2.521769,-1.236060,-3.613431,-0.624450,-0.903043,-6.849656,-3.614091,-0.160203,-6.338562,-4.101676,-1.039237,-5.244706,-0.102884,-1.853277,-4.845678,0.026288,-0.315995,-0.304694,0.132508
-1.134955,-6.422355,-4.800871,-1.003283,-5.879196,-4.763913,-1.173652,-5.112738,-2.434688,-1.787520,-4.014024,-0.700181,-0.946259,-6.842799,-3.629345,-0.167166,-6.321277,-4.089309,-1.031343,-5.232410,-0.081148,-1.842290,-4.807169,0.041571,0.000460,-0.194971,0.196042
-1.167662,-6.441246,-4.169606,-1.811995,-6.114707,-3.952500,-1.322159,-4.964677,-1.999291,-1.410750,-3.453403,-0.566819,-0.315602,-6.141180,-2.667076,-4.677624,1.933328,-13.191260,-1.143311,-4.887203,-0.001250,-1.900204,-4.529925,0.170174,-4.677624,1.933328,-13.191260
-0.775183,-6.423228,-3.647691,-1.174920,-5.754781,-3.638975,-1.205914,-5.035879,-2.046289,-1.401167,-3.252864,-0.172309,-0.107592,-6.201748,-2.553755,-0.899957,-6.739531,-3.033264,-0.632770,-4.602772,0.203537,-1.932382,-4.434883,0.333319,-4.677624,1.933328,-13.191260
-1.034693,-6.250294,-2.008249,-0.954862,-5.635837,-2.385111,-2.298749,-5.180481,-1.322164,-3.107793,-3.679405,0.068788,-0.558944,-5.849453,-0.917781,-1.692392,-5.899649,-0.461585,-0.762462,-3.906900,0.259913,-4.677624,1.933328,-13.191260,-4.677624,1.933328,-13.191260
-0.737110,-6.324609,-1.449330,-0.723957,-5.699324,-1.681468,-1.295634,-4.641136,-1.209489,-1.808730,-2.675924,0.100798,-0.779163,-5.563159,-0.334220,-1.546865,-5.605649,0.129502,-0.651803,-3.815318,0.139193,-4.677624,1.933328,-13.191260,-4.677624,1.933328,-13.191260
-0.637659,-6.073163,-0.573035,-0.521605,-5.728553,-1.258012,-1.284726,-4.379049,-0.964836,-1.909078,-2.635784,-0.149216,-0.733900,-5.270547,0.091903,-1.546865,-5.605649,0.129502,-0.672400,-3.728004,0.162323,-4.677624,1.933328,-13.191260,-4.677624,1.933328,-13.191260
-0.012285,-5.992376,-0.270834,-0.024600,-5.677123,-0.901589,-1.096034,-4.596263,-0.734652,-1.951109,-2.735335,-0.137735,-0.392685,-5.130442,0.175006,-4.677624,1.933328,-13.191260,-0.699990,-3.657223,0.204378,-4.677624,1.933328,-13.191260,-0.308761,0.864477,0.291100
0.096020,-5.938911,-0.187508,0.051283,-5.651917,-0.858393,-1.150878,-4.773325,-0.851302,-1.983442,-2.690678,-0.133098,-0.388099,-5.133633,0.177152,-4.677624,1.933328,-13.191260,-4.677624,1.933328,-13.191260,-4.677624,1.933328,-13.191260,-0.333196,0.866429,0.257590
0.408854,-5.841529,-0.154137,0.223366,-5.573641,-0.815069,-1.073724,-4.781122,-0.842458,-2.000123,-2.700146,-0.121243,-0.419645,-5.141401,0.177737,-4.677624,1.933328,-13.191260,-4.677624,1.933328,-13.191260,-4.677624,1.933328,-13.191260,-0.317512,0.859822,0.274727
-4.677624,1.933328,-13.191260,0.350012,-5.291972,-0.449968,-1.041019,-4.456969,-0.624999,-2.041652,-2.699086,-0.123052,-1.499480,-5.525285,0.272978,-4.677624,1.933328,-13.191260,-0.686491,-3.646816,0.209941,-4.677624,1.933328,-13.191260,-0.446555,0.851325,0.271859
0.738369,-4.983511,0.054583,0.406396,-4.907072,-0.658626,-0.858217,-4.332886,-0.768394,-2.074144,-2.734172,-0.105337,-4.677624,1.933328,-13.191260,-4.677624,1.933328,-13.191260,-0.661871,-3.685410,0.190538,-4.677624,1.933328,-13.191260,-0.731067,0.896483,0.279580
0.738369,-4.983511,0.054583,0.406396,-4.907072,-0.658626,-0.858217,-4.332886,-0.768394,-2.071470,-2.739911,-0.106094,-4.677624,1.933328,-13.191260,-4.677624,1.933328,-13.191260,-0.652148,-3.669724,0.217153,-4.677624,1.933328,-13.191260,-0.731067,0.896483,0.279580
0.902945,-4.612965,-0.039080,0.436749,-4.606847,-0.683281,-0.905559,-4.137497,-0.715205,-2.167296,-2.756750,-0.117492,-9.132593,12.208497,6.060982,-4.677624,1.933328,-13.191260,-4.677624,1.933328,-13.191260,-4.677624,1.933328,-13.191260,-1.180510,0.851014,0.163502
1.342149,-4.304570,0.062960,1.047453,-4.124432,-0.555071,-0.622205,-4.037346,-0.630161,-2.215805,-2.858189,-0.094005,0.535904,-4.430914,0.036038,-4.677624,1.933328,-13.191260,-0.676562,-3.724482,0.190922,-4.677624,1.933328,-13.191260,-1.611502,0.837996,0.203180
1.683010,-4.281333,0.025604,2.229605,-5.498091,-0.550604,-0.416264,-4.065312,-0.658476,-3.102769,-3.458752,-0.172580,0.841371,-3.749310,0.287754,-4.677624,1.933328,-13.191260,-0.693201,-3.696336,0.168459,-4.677624,1.933328,-13.191260,-2.242612,0.922373,0.134594
1.913622,-3.637698,0.098712,1.457594,-3.667330,-0.539979,-0.173460,-3.848788,-0.628130,-2.188432,-3.254442,-0.301091,0.753983,-3.688713,0.236912,-4.677624,1.933328,-13.191260,-0.574637,-4.359699,-0.101180,-1.965351,-4.515204,0.265452,-2.985409,0.857694,-0.351240
2.089783,-3.220025,0.105846,1.655658,-3.189810,-0.534365,0.060296,-3.429853,-0.590208,-2.094271,-3.350118,-0.459711,0.838228,-3.609233,0.254080,-4.677624,1.933328,-13.191260,-1.388553,-3.800014,-0.059802,-4.677624,1.933328,-13.191260,-3.247193,0.523346,-0.699977
2.880061,-2.702420,0.316217,2.585077,-2.611140,-0.355789,0.934598,-3.382936,-0.643871,-1.902668,-3.757635,-0.699771,-13.952216,29.547460,0.756331,-4.677624,1.933328,-13.191260,-1.277220,-3.841254,-0.127111,-1.512487,-4.715953,-0.072512,-3.521641,-0.192392,-0.889994
3.532003,-2.489882,0.095844,2.994728,-2.403952,-0.482616,1.441713,-3.253468,-0.576362,-1.415171,-3.620655,-0.785634,1.840236,-3.703776,0.138208,-4.677624,1.933328,-13.191260,-0.346546,-4.662873,-0.192659,-4.677624,1.933328,-13.191260,-5.739534,-2.056526,-0.674689
4.100891,-2.746530,0.245112,3.425896,-2.184243,-0.409018,1.845283,-2.949476,-0.543466,-1.087722,-3.352259,-0.855601,-4.677624,1.933328,-13.191260,-4.677624,1.933328,-13.191260,1.242378,-4.401972,-0.129287,-0.541014,-3.537143,0.093426,-7.893957,-4.079722,-0.061366
-4.677624,1.933328,-13.191260,3.425896,-2.184243,-0.409018,1.845283,-2.949476,-0.543466,0.223506,-4.842469,-0.581972,-4.677624,1.933328,-13.191260,-4.677624,1.933328,-13.191260,0.682813,-4.629638,-0.071038,-0.541014,-3.537143,0.093426,-2.264314,-0.935421,0.090828
4.764163,-1.764015,0.189035,4.350160,-1.722510,-0.494794,2.711955,-2.676632,-0.547596,0.439001,-3.737862,-0.411734,3.191587,-2.096004,0.107122,3.458161,-2.653527,0.439683,0.553064,-2.810345,0.271326,-4.677624,1.933328,-13.191260,-3.272599,-1.836336,-0.018019
4.764163,-1.764015,0.189035,4.350160,-1.722510,-0.494794,2.711955,-2.676632,-0.547596,0.934450,-4.508694,-0.384664,3.191587,-2.096004,0.107122,3.454683,-2.650250,0.451186,0.737512,-2.727265,0.234152,-4.677624,1.933328,-13.191260,-3.059584,-1.795150,0.229999
5.519025,-1.390961,0.239797,5.170855,-1.237956,-0.288449,3.349911,-2.240284,-0.518507,0.988079,-3.300646,-0.540172,3.578454,-1.740606,0.351397,4.375638,-2.206516,0.426252,1.555785,-2.220504,0.316153,-4.677624,1.933328,-13.191260,-2.627682,-1.520666,-0.539040
5.984189,-1.139006,0.210484,5.222042,-1.338075,-0.387949,3.795777,-2.002144,-0.476466,1.475195,-3.164332,-0.634131,5.039963,-1.139454,0.413918,4.399920,-2.219709,0.398940,1.636523,-2.177387,0.320407,-4.677624,1.933328,-13.191260,-2.449748,-1.413878,-0.523723
6.189522,-1.116274,0.122012,5.800912,-0.728912,-0.352323,4.082336,-1.716895,-0.438081,1.334638,-2.407501,-0.525129,5.039963,-1.139454,0.413918,4.278467,-2.026898,0.460239,1.636523,-2.177387,0.320407,2.364847,-3.460062,0.217523,-4.677624,1.933328,-13.191260
6.421625,-0.846485,0.013318,5.908495,-0.773322,-0.537559,4.443695,-2.007176,-0.536106,1.861626,-2.602162,-0.352995,4.576123,-1.061798,0.596017,4.345193,-2.022876,0.540319,1.748081,-2.128030,0.358019,-4.677624,1.933328,-13.191260,-1.733523,-2.433042,0.024182
6.421625,-0.846485,0.013318,5.964804,-0.913652,-0.674105,4.477452,-1.995213,-0.536167,2.059331,-2.834184,-0.371444,4.590574,-1.052569,0.601801,4.345193,-2.022876,0.540319,1.750334,-2.132631,0.359374,3.278598,-3.159858,0.358321,-1.635231,-2.420270,0.211734
6.571869,-0.896454,-0.664458,6.049805,-1.205527,-0.876307,4.124204,-2.156207,-0.685484,1.941830,-2.592950,-0.356698,5.545339,-1.121134,0.152580,5.320728,-1.859680,0.279144,1.828467,-2.099656,0.285215,3.293018,-3.149428,0.336235,-1.676764,-2.182924,0.183381
-4.677624,1.933328,-13.191260,5.962770,-1.124874,-1.042076,4.421114,-1.782767,-0.668955,1.871805,-2.370663,-0.384218,5.546077,-1.151953,0.266735,5.718023,-1.572757,0.405141,1.882355,-2.053009,0.275522,3.317137,-3.158601,0.336803,-1.667017,-1.887859,0.120014
6.492743,-0.683528,-1.116792,5.808172,-0.818261,-1.130677,3.911563,-2.233980,-0.717960,1.816271,-1.968881,-0.309134,5.509128,-1.134386,0.336490,5.260214,-1.283784,0.732171,2.287655,-1.807299,0.394947,3.315394,-3.209187,0.141698,-1.561116,-1.785718,0.253839
6.492743,-0.683528,-1.116792,5.808172,-0.818261,-1.130677,3.969848,-2.155509,-0.743191,2.329938,-2.867239,-0.258063,5.507742,-1.129056,0.334839,5.354196,-1.682755,0.555577,2.287655,-1.807299,0.394947,-4.677624,1.933328,-13.191260,-4.677624,1.933328,-13.191260
6.226636,-0.257386,-1.229500,5.642772,-0.571252,-1.361855,3.999803,-2.055003,-0.807821,2.350278,-2.949710,-0.179962,5.275602,-0.853952,0.383378,-4.677624,1.933328,-13.191260,2.295998,-1.832204,0.362963,3.205990,-3.020065,0.499819,-4.677624,1.933328,-13.191260
5.716483,0.084814,-0.865818,5.138186,-0.091759,-1.265485,3.946259,-1.997846,-0.832562,2.329411,-2.970830,-0.168442,5.279597,-0.854547,0.352501,-4.677624,1.933328,-13.191260,2.262782,-1.825257,0.381757,3.205194,-3.022547,0.515771,-4.677624,1.933328,-13.191260
5.716483,0.084814,-0.865818,5.237122,-0.541933,-1.244558,4.123703,-1.794954,-0.761504,2.329411,-2.970830,-0.168442,5.279597,-0.854547,0.352501,-4.677624,1.933328,-13.191260,2.262782,-1.825257,0.381757,3.205194,-3.022547,0.515771,-4.677624,1.933328,-13.191260
5.151351,0.043759,-0.400245,4.921395,-0.381643,-1.003817,3.975752,-1.736165,-0.652189,2.199678,-3.002757,-0.138810,-10.528237,21.015709,3.514278,-4.677624,1.933328,-13.191260,2.187460,-1.830083,0.401993,-4.677624,1.933328,-13.191260,-4.677624,1.933328,-13.191260
-4.677624,1.933328,-13.191260,4.301035,-0.166512,-0.543750,3.193683,-1.851974,-0.586976,2.172899,-3.065132,-0.126574,4.327907,-0.854563,0.364973,-4.677624,1.933328,-13.191260,2.402504,-1.833785,0.287522,-4.677624,1.933328,-13.191260,-4.677624,1.933328,-13.191260
3.930144,0.391888,0.227891,4.152982,-0.219554,-0.513114,2.859979,-1.916108,-0.595303,2.309305,-3.072419,-0.141042,3.572326,-0.500198,0.448891,-4.677624,1.933328,-13.191260,2.844084,-2.469642,0.229909,-4.677624,1.933328,-13.191260,-4.677624,1.933328,-13.191260
3.930144,0.391888,0.227891,3.843594,-0.078186,-0.523004,3.219916,-1.561207,-0.597234,2.309305,-3.072419,-0.141042,3.572326,-0.500198,0.448891,-4.677624,1.933328,-13.191260,2.844084,-2.469642,0.229909,-4.677624,1.933328,-13.191260,-4.677624,1.933328,-13.191260
3.763167,0.466455,0.355012,3.714520,0.112371,-0.391924,3.547233,-1.406402,-0.412583,2.380361,-3.088738,-0.136479,3.539421,-0.517553,0.465904,-4.677624,1.933328,-13.191260,2.478896,-1.837230,0.093870,3.150996,-2.878454,0.558349,-4.677624,1.933328,-13.191260
3.842727,0.453661,0.162704,3.691220,0.106433,-0.482723,3.616202,-1.389888,-0.451193,2.789368,-3.192272,0.078300,3.545009,-0.521901,0.454024,-4.677624,1.933328,-13.191260,2.901959,-2.507414,0.216202,3.733163,-2.357794,0.591190,-4.677624,1.933328,-13.191260
-4.677624,1.933328,-13.191260,3.599425,-0.174895,-0.709295,3.547912,-1.553509,-0.484731,2.836326,-3.270845,0.083143,4.160681,-0.386056,0.191204,-4.677624,1.933328,-13.191260,2.878706,-2.508099,0.278752,-4.677624,1.933328,-13.191260,-4.677624,1.933328,-13.191260
-4.677624,1.933328,-13.191260,3.475170,-0.293885,-0.676730,3.534070,-1.707017,-0.598150,2.843211,-3.362564,0.037491,3.591482,-0.566140,0.407412,-4.677624,1.933328,-13.191260,2.857436,-2.532206,0.278222,-4.677624,1.933328,-13.191260,-1.039205,-3.252999,0.130900
3.028823,-0.115285,0.267380,3.293097,-0.438117,-0.636615,3.415918,-1.805468,-0.454578,2.919551,-3.446817,0.044039,3.066899,-0.948972,0.427498,-4.677624,1.933328,-13.191260,2.845968,-2.515602,0.293289,-4.677624,1.933328,-13.191260,-0.850362,-3.595730,0.103905
3.028823,-0.115285,0.267380,3.165945,-0.475317,-0.615202,3.417243,-1.806615,-0.456567,2.914331,-3.438078,0.043463,3.066899,-0.948972,0.427498,-4.677624,1.933328,-13.191260,2.845968,-2.515602,0.293289,-4.677624,1.933328,-13.191260,-0.850362,-3.595730,0.103905
2.849953,-0.001092,0.249543,3.308391,-0.545140,-0.629070,3.483798,-1.721196,-0.572713,3.260316,-3.464424,-0.293240,2.815049,-1.170652,0.435619,-4.677624,1.933328,-13.191260,2.335981,-1.988825,0.180276,-4.677624,1.933328,-13.191260,-0.080919,-4.470998,0.217508
2.602753,0.213726,0.168450,2.507446,-0.130347,-0.590348,3.448253,-1.342230,-0.715722,3.396593,-3.283072,-0.341440,-4.677624,1.933328,-13.191260,-4.677624,1.933328,-13.191260,2.412240,-1.982405,0.189134,-4.677624,1.933328,-13.191260,-0.080919,-4.470998,0.217508
2.366239,0.306731,0.243781,2.204824,-0.028590,-0.554029,3.354831,-1.299816,-0.580497,3.664606,-3.135036,-0.355806,3.078529,-0.996875,0.121633,-4.677624,1.933328,-13.191260,3.287472,-2.596414,0.136515,3.723731,-2.630698,0.448482,0.391733,-4.645801,0.191189
2.178483,0.375084,0.124910,2.151523,0.034626,-0.576857,3.469321,-1.027176,-0.438785,4.435116,-2.700712,-0.190183,2.770046,-1.113566,0.466524,-4.677624,1.933328,-13.191260,-4.677624,1.933328,-13.191260,-4.677624,1.933328,-13.191260,1.255910,-5.072241,0.290597
2.235494,0.227602,-0.057725,2.830675,0.295469,-0.678042,3.559022,-1.196751,-0.483782,4.501385,-2.825906,0.199077,2.759822,-1.106830,0.484658,-4.677624,1.933328,-13.191260,-4.677624,1.933328,-13.191260,-4.677624,1.933328,-13.191260,-4.677624,1.933328,-13.191260
2.188573,0.203362,-0.061896,1.928838,-0.379326,-0.778778,3.559022,-1.196751,-0.483782,4.501385,-2.825906,0.199077,2.759822,-1.106830,0.484658,-4.677624,1.933328,-13.191260,-4.677624,1.933328,-13.191260,-4.677624,1.933328,-13.191260,-4.677624,1.933328,-13.191260
2.085865,-0.148946,-0.220099,1.633171,-0.901087,-0.950062,3.667360,-1.354227,-0.519234,4.527428,-2.831056,0.212583,-4.677624,1.933328,-13.191260,-4.677624,1.933328,-13.191260,-4.677624,1.933328,-13.191260,-4.677624,1.933328,-13.191260,-4.677624,1.933328,-13.191260
2.027700,-0.476868,-0.405396,1.780366,-1.160960,-1.029310,3.723841,-1.499796,-0.532586,4.613079,-2.894100,0.221904,2.735778,-1.097924,0.433025,-4.677624,1.933328,-13.191260,-4.677624,1.933328,-13.191260,-4.677624,1.933328,-13.191260,-4.677624,1.933328,-13.191260
2.004454,-0.591537,-0.375978,1.802870,-1.230097,-1.036621,3.883187,-1.591944,-0.793235,4.649224,-2.903859,0.276522,2.721665,-1.066203,0.370889,-4.677624,1.933328,-13.191260,3.013822,-2.305381,0.469857,-4.677624,1.933328,-13.191260,1.373918,-4.761184,0.296789
1.868542,-0.671006,-0.236953,1.323376,-1.449025,-0.912899,3.290935,-1.671166,-0.658482,4.675158,-2.854296,0.363774,2.608354,-0.916341,0.381599,-4.677624,1.933328,-13.191260,3.344306,-2.374372,0.547389,-4.677624,1.933328,-13.191260,-4.677624,1.933328,-13.191260
1.776676,-0.872801,-0.208066,1.045400,-1.601827,-0.797586,3.223106,-1.723774,-0.653599,4.660564,-2.858436,0.316015,2.572315,-0.845784,0.450036,-4.677624,1.933328,-13.191260,3.331834,-2.403727,0.540556,-4.677624,1.933328,-13.191260,-4.677624,1.933328,-13.191260
-4.677624,1.933328,-13.191260,2.260838,-1.101986,-0.740678,3.307380,-1.667920,-0.612007,4.696093,-2.835641,0.282167,2.579376,-0.863009,0.407269,-4.677624,1.933328,-13.191260,3.328967,-2.386635,0.546096,-4.677624,1.933328,-13.191260,-4.677624,1.933328,-13.191260
0.932982,0.059366,0.058137,2.304708,-1.135967,-0.690354,3.343081,-1.720045,-0.586084,4.703219,-2.798055,0.279428,2.551976,-0.843513,0.482156,-4.677624,1.933328,-13.191260,3.326111,-2.385166,0.559754,-4.677624,1.933328,-13.191260,-4.677624,1.933328,-13.191260
1.637879,-1.364311,0.042154,2.185254,-1.280708,-0.669842,3.370842,-1.692221,-0.585796,4.703219,-2.798055,0.279428,2.551976,-0.843513,0.482156,-4.677624,1.933328,-13.191260,3.331378,-2.390643,0.557302,-4.677624,1.933328,-13.191260,-4.677624,1.933328,-13.191260
1.708317,-1.582588,0.007130,1.846323,-1.566548,-0.595527,3.365815,-1.723908,-0.560945,4.736409,-2.772573,0.243068,2.235510,-1.254050,0.548608,-4.677624,1.933328,-13.191260,3.322816,-2.355008,0.582014,-4.677624,1.933328,-13.191260,-4.677624,1.933328,-13.191260
-4.677624,1.933328,-13.191260,1.857104,-1.673157,-0.600467,3.347939,-1.772714,-0.562344,4.820896,-2.582885,0.211773,-4.677624,1.933328,-13.191260,-4.677624,1.933328,-13.191260,-4.677624,1.933328,-13.191260,-4.677624,1.933328,-13.191260,-4.677624,1.933328,-13.191260
-4.677624,1.933328,-13.191260,1.772969,-1.813506,-0.580754,3.073927,-1.923626,-0.566370,4.745245,-2.377431,0.122026,1.900072,-1.696261,0.572449,-4.677624,1.933328,-13.191260,3.325650,-2.372100,0.576487,-4.677624,1.933328,-13.191260,-4.677624,1.933328,-13.191260
1.112433,-2.135582,0.104727,1.350537,-1.986556,-0.623488,2.926771,-1.971010,-0.594374,4.680639,-2.237817,0.050796,1.583412,-1.914895,0.511162,-4.677624,1.933328,-13.191260,3.646343,-2.682705,0.377820,-4.677624,1.933328,-13.191260,-4.677624,1.933328,-13.191260
1.027185,-2.212626,0.065173,1.277485,-2.018629,-0.635353,3.008855,-1.889733,-0.593716,4.675970,-2.222311,0.044449,1.576562,-1.943799,0.517678,-4.677624,1.933328,-13.191260,3.668982,-2.663608,0.379834,-4.677624,1.933328,-13.191260,-4.677624,1.933328,-13.191260
1.038317,-2.230598,-0.026050,1.310709,-2.103519,-0.654478,2.730718,-1.982805,-0.668519,4.592311,-2.040164,0.096920,1.578929,-1.948137,0.519562,-4.677624,1.933328,-13.191260,3.031945,-1.982662,0.662883,-4.677624,1.933328,-13.191260,-4.677624,1.933328,-13.191260
1.114803,-2.279225,-0.098209,1.391909,-2.172514,-0.783576,2.795398,-1.974344,-0.478018,4.568746,-1.953945,0.202338,1.570769,-1.953899,0.519094,-4.677624,1.933328,-13.191260,3.041239,-1.955179,0.708284,-4.677624,1.933328,-13.191260,-4.677624,1.933328,-13.191260
1.218091,-2.284001,-0.212541,1.461434,-1.975893,-0.868057,2.876722,-1.920938,-0.480333,4.632736,-1.889278,0.229245,1.584169,-1.914666,0.449608,-4.677624,1.933328,-13.191260,2.995753,-1.926514,0.728148,-4.677624,1.933328,-13.191260,-4.677624,1.933328,-13.191260
1.448968,-2.257366,-0.358749,2.002015,-2.019941,-1.008368,2.893379,-2.039860,-0.618578,4.800217,-1.823171,0.241883,1.957345,-2.312108,0.245355,-4.677624,1.933328,-13.191260,2.958583,-1.864618,0.708352,-4.677624,1.933328,-13.191260,-4.677624,1.933328,-13.191260
-4.677624,1.933328,-13.191260,2.049165,-1.898259,-0.948710,3.030129,-2.037708,-0.630754,4.877461,-1.786875,0.366225,2.577570,-2.203109,0.281175,-4.677624,1.933328,-13.191260,2.986965,-1.842059,0.722793,-4.677624,1.933328,-13.191260,-4.677624,1.933328,-13.191260
-4.677624,1.933328,-13.191260,2.132317,-2.131849,-0.909883,3.201760,-1.973572,-0.619478,4.971982,-1.708747,0.380134,2.309392,-1.948010,0.205065,-4.677624,1.933328,-13.191260,3.039102,-1.852765,0.729323,-4.677624,1.933328,-13.191260,-4.677624,1.933328,-13.191260
-4.677624,1.933328,-13.191260,2.106886,-2.323041,-0.811908,3.301904,-1.860047,-0.691817,4.909943,-1.668530,0.331512,-4.677624,1.933328,-13.191260,-4.677624,1.933328,-13.191260,3.059621,-1.867894,0.729988,-4.677624,1.933328,-13.191260,-4.677624,1.933328,-13.191260
1.983588,-2.857608,0.228147,2.129957,-2.512169,-0.676139,3.232217,-1.867840,-0.628734,4.891509,-1.619847,0.300635,-4.677624,1.933328,-13.191260,-4.677624,1.933328,-13.191260,3.051784,-1.873709,0.729397,-4.677624,1.933328,-13.191260,-4.677624,1.933328,-13.191260
1.983588,-2.857608,0.228147,2.157134,-2.553418,-0.631993,3.227471,-1.852241,-0.602969,4.891509,-1.619847,0.300635,-4.677624,1.933328,-13.191260,-4.677624,1.933328,-13.191260,3.048457,-1.872507,0.743060,-4.677624,1.933328,-13.191260,-4.677624,1.933328,-13.191260
1.933344,-2.921688,0.300629,2.053224,-2.759567,-0.542490,3.045980,-1.950920,-0.616448,4.887025,-1.604500,0.294639,-4.677624,1.933328,-13.191260,-4.677624,1.933328,-13.191260,3.045107,-1.884430,0.740066,-4.677624,1.933328,-13.191260,-4.677624,1.933328,-13.191260
-4.677624,1.933328,-13.191260,2.241647,-3.273910,-0.598609,3.061660,-1.951896,-0.656076,4.796739,-1.544196,0.172295,2.037697,-2.417036,0.277723,-4.677624,1.933328,-13.191260,3.011497,-1.884685,0.731860,-4.677624,1.933328,-13.191260,-4.677624,1.933328,-13.191260
2.056610,-3.268529,0.211180,2.103572,-2.868548,-0.630856,3.121093,-1.999367,-0.643119,4.791696,-1.545592,0.165866,-4.677624,1.933328,-13.191260,-4.677624,1.933328,-13.191260,3.015252,-1.891390,0.738303,-4.677624,1.933328,-13.191260,-4.677624,1.933328,-13.191260
2.099091,-3.292718,0.177569,2.176404,-2.892416,-0.626491,3.148340,-2.025054,-0.638641,4.754488,-1.488773,0.185118,-4.677624,1.933328,-13.191260,-4.677624,1.933328,-13.191260,3.026844,-1.894271,0.743751,-4.677624,1.933328,-13.191260,-4.677624,1.933328,-13.191260
2.165498,-3.284943,0.265139,2.224253,-2.907208,-0.607321,3.153273,-2.040501,-0.625536,4.764749,-1.476468,0.198457,-4.677624,1.933328,-13.191260,-4.677624,1.933328,-13.191260,3.024966,-1.889927,0.741314,-4.677624,1.933328,-13.191260,-4.677624,1.933328,-13.191260
2.144117,-3.295153,0.300119,2.214423,-2.942705,-0.557070,3.130156,-2.049362,-0.601603,4.759006,-1.491284,0.199145,-4.677624,1.933328,-13.191260,-4.677624,1.933328,-13.191260,3.022834,-1.906742,0.749599,-4.677624,1.933328,-13.191260,-4.677624,1.933328,-13.191260
2.144553,-3.294754,0.300183,2.242571,-2.965779,-0.547316,3.137736,-2.064439,-0.591884,4.762322,-1.493563,0.187718,-4.677624,1.933328,-13.191260,-4.677624,1.933328,-13.191260,3.022834,-1.906742,0.749599,-4.677624,1.933328,-13.191260,-4.677624,1.933328,-13.191260
2.264075,-3.507807,0.036530,2.255402,-3.059278,-0.525754,3.164990,-2.125100,-0.573402,4.794784,-1.474745,0.177244,-4.677624,1.933328,-13.191260,-4.677624,1.933328,-13.191260,3.026844,-1.894271,0.743751,-4.677624,1.933328,-13.191260,-4.677624,1.933328,-13.191260
2.252827,-3.685357,0.036652,2.230266,-3.260046,-0.531618,3.125969,-2.280419,-0.589040,4.768669,-1.474836,0.179480,-4.677624,1.933328,-13.191260,-4.677624,1.933328,-13.191260,3.037693,-1.910869,0.741343,-4.677624,1.933328,-13.191260,-4.677624,1.933328,-13.191260
1.975045,-4.236701,0.296367,1.979893,-3.607050,-0.529198,3.069338,-2.486232,-0.600042,4.710481,-1.525408,0.011336,-4.677624,1.933328,-13.191260,-4.677624,1.933328,-13.191260,2.999607,-1.914124,0.722142,-4.677624,1.933328,-13.191260,-4.677624,1.933328,-13.191260
1.805407,-4.627295,0.216543,1.795695,-3.923240,-0.496071,2.721671,-2.716906,-0.569870,4.459311,-1.432785,0.019471,-4.677624,1.933328,-13.191260,-4.677624,1.933328,-13.191260,3.020159,-1.947684,0.661784,-4.677624,1.933328,-13.191260,-4.677624,1.933328,-13.191260
1.641622,-4.808470,0.254715,1.746986,-4.278933,-0.488513,2.704859,-3.033830,-0.489986,4.299257,-1.548929,-0.090317,2.410514,-3.978691,0.328443,-4.677624,1.933328,-13.191260,3.024703,-1.953776,0.659385,-4.677624,1.933328,-13.191260,-4.677624,1.933328,-13.191260
1.358285,-5.062983,0.204888,1.469569,-4.498096,-0.513038,2.544367,-3.166935,-0.506076,4.330813,-1.541486,-0.075190,2.408063,-3.943955,0.305610,-4.677624,1.933328,-13.191260,3.012884,-1.953117,0.652221,3.734652,-1.423337,0.253696,-4.677624,1.933328,-13.191260
1.214805,-5.229150,0.136538,1.141890,-4.723689,-0.485263,2.404399,-3.241543,-0.472068,4.451023,-1.724062,-0.268027,2.399831,-3.961393,0.282314,1.256302,-3.681938,0.224231,3.008366,-1.946999,0.654626,3.737433,-1.427565,0.265437,-4.677624,1.933328,-13.191260
1.074473,-5.342481,0.169040,1.168258,-4.757995,-0.503237,2.289845,-3.367018,-0.478127,4.059739,-1.710281,-0.358909,2.386429,-3.969698,0.282184,0.894502,-3.962355,0.275367,3.463816,-2.529531,0.418617,3.192282,-0.968091,0.371301,-4.677624,1.933328,-13.191260
0.544052,-5.562342,0.109492,0.454916,-5.003970,-0.510724,1.703638,-3.707696,-0.555526,3.659431,-1.874997,-0.546697,1.942184,-4.314839,0.248560,-4.677624,1.933328,-13.191260,3.400689,-2.557070,0.303448,3.114009,-0.941261,0.349192,-4.677624,1.933328,-13.191260
0.343914,-5.563783,0.144127,0.462049,-5.014446,-0.524048,1.636233,-3.639024,-0.519307,3.455830,-1.861881,-0.599060,0.921061,-4.050149,0.255227,-4.677624,1.933328,-13.191260,3.323282,-2.538439,0.248633,2.678058,-1.130891,0.104493,4.751774,-3.698047,0.276449
-0.499417,-5.713762,0.046287,-0.309077,-5.257577,-0.507513,1.071854,-4.049682,-0.560504,2.943736,-2.244239,-0.516707,0.874306,-5.155982,0.279978,-4.677624,1.933328,-13.191260,2.779211,-2.108122,0.619774,2.131176,-2.795409,0.037070,5.547513,-2.572430,0.251507
-0.916287,-5.973746,-0.039587,-0.741618,-5.412527,-0.616260,0.736471,-4.303210,-0.592223,2.465383,-1.891599,-0.505085,0.703451,-5.325019,0.178357,-0.042652,-4.441416,0.234893,2.515219,-2.387350,0.629735,2.185249,-2.853445,0.026506,4.925655,-3.437868,0.525470
-1.258231,-6.213828,0.013574,-1.135709,-5.672922,-0.598668,0.342106,-4.509194,-0.601379,2.502120,-2.866827,-0.466388,0.433770,-5.670267,0.091537,-0.509352,-4.686742,0.453037,1.933683,-2.939714,0.628638,2.138560,-2.894448,0.007733,5.142300,-3.611450,0.222068
-1.359997,-6.426852,-0.029657,-1.466807,-5.897521,-0.506554,-0.048735,-4.753905,-0.546272,2.310258,-2.998033,-0.451883,0.806999,-5.208440,0.213919,-0.955845,-5.137838,0.236693,1.943493,-2.953646,0.553758,2.123257,-2.876960,0.057310,5.301077,-3.603465,0.129170
-1.618644,-6.465127,0.068868,-1.327738,-6.006422,-0.548113,0.059742,-4.878330,-0.573105,2.111657,-3.328473,-0.456775,0.766713,-5.222314,0.223334,-0.985451,-5.190541,0.263755,1.205752,-3.701257,0.558939,2.041339,-2.941452,0.125760,5.260553,-3.150737,0.301193
-1.605490,-6.756642,-0.045078,-1.484036,-6.220621,-0.586534,-0.120137,-5.077935,-0.575056,1.889478,-3.449073,-0.537705,-0.101760,-5.320009,0.440475,-4.677624,1.933328,-13.191260,1.176958,-3.728531,0.449721,1.882280,-3.018658,0.088751,5.194636,-2.863714,0.316124
-1.760548,-6.973273,-0.253951,-1.492578,-6.327039,-0.676671,-0.136157,-5.221594,-0.607877,1.731490,-3.352788,-0.372965,-0.510887,-6.177759,0.215369,-0.999898,-5.247595,0.233653,1.121801,-3.666678,0.531152,1.232174,-3.555009,0.135839,5.145037,-2.356912,0.384572
-1.629717,-6.834084,-0.304993,-1.489678,-6.250994,-0.767951,-0.618430,-5.307907,-0.546884,1.660069,-3.283471,-0.245868,-0.743459,-5.601143,0.540528,-1.037144,-5.838648,0.053110,1.111551,-3.630384,0.655057,1.167626,-3.661063,0.143098,5.111736,-2.209697,0.497580
-1.412805,-6.898947,-0.687648,-1.275294,-6.204104,-0.937572,-0.051234,-5.185786,-0.692985,1.731789,-3.266708,-0.253645,-0.637671,-6.148422,0.331432,-1.121494,-5.289285,0.267689,1.123288,-3.649636,0.651401,0.640410,-3.012892,0.123199,5.213080,-2.313740,0.525003
-0.834892,-6.831337,-0.861044,-0.828271,-6.108074,-1.069384,0.203507,-5.150694,-0.735893,1.792667,-3.297226,-0.235654,-0.662542,-6.167280,0.297895,-1.093412,-5.248680,0.261604,1.131209,-3.643695,0.652047,1.158221,-3.660880,0.195107,5.375543,-2.406775,0.530769
-0.753857,-6.748158,-0.983918,-0.683862,-6.009533,-1.127289,-0.648523,-5.313099,-0.708935,1.820042,-3.278263,-0.199359,-0.658988,-6.170534,0.280989,-1.088515,-5.265150,0.265029,1.125532,-3.631990,0.671029,0.610314,-3.020629,0.242882,-4.677624,1.933328,-13.191260
-0.626570,-6.701898,-1.305226,-0.479331,-5.962571,-1.258848,0.335228,-5.055155,-0.808929,1.802483,-3.263543,-0.104132,-0.631262,-6.166018,0.252309,-1.110035,-5.262471,0.260898,1.114309,-3.630090,0.692088,1.160897,-3.661200,0.163757,-4.677624,1.933328,-13.191260
-0.388925,-6.610495,-1.537506,-0.309381,-5.874300,-1.419829,0.447619,-4.975090,-0.882954,1.810099,-3.253448,-0.091300,-0.632035,-6.159393,0.255184,-1.110035,-5.262471,0.260898,1.114309,-3.630090,0.692088,1.160897,-3.661200,0.163757,-4.677624,1.933328,-13.191260
-0.049758,-6.452810,-1.674934,-0.011661,-5.674394,-1.560871,0.606028,-4.852676,-0.958707,1.864423,-3.201492,-0.016333,-0.014574,-5.883135,0.047764,-0.998289,-5.248494,0.055803,1.136273,-3.647316,0.691738,-4.677624,1.933328,-13.191260,-4.677624,1.933328,-13.191260
-0.178510,-6.330768,-1.676870,-0.069081,-5.615392,-1.566924,0.559867,-4.798258,-0.962774,1.862112,-3.207764,-0.028269,-0.014574,-5.883135,0.047764,-0.998289,-5.248494,0.055803,1.139992,-3.650910,0.704324,-4.677624,1.933328,-13.191260,-4.677624,1.933328,-13.191260
0.086428,-6.212464,-1.898509,0.160469,-5.448886,-1.779078,0.701552,-4.630006,-1.059603,1.917235,-3.126252,-0.003626,0.054322,-5.251600,0.413418,-0.823447,-5.042538,0.221866,1.168928,-3.602106,0.729530,-4.677624,1.933328,-13.191260,-4.677624,1.933328,-13.191260
0.271683,-6.092004,-2.004684,0.313887,-5.333725,-1.868971,0.809734,-4.559726,-1.096990,1.975161,-3.057743,0.047032,0.058224,-5.282947,0.396177,-0.840914,-5.033128,0.242768,1.194838,-3.588347,0.734065,-4.677624,1.933328,-13.191260,-4.677624,1.933328,-13.191260
0.191937,-6.020946,-2.040897,0.277999,-5.301606,-1.881118,0.804393,-4.559220,-1.118849,1.975161,-3.057743,0.047032,0.054329,-5.272340,0.390690,-1.083664,-5.670297,-0.023163,1.204749,-3.620694,0.736399,-4.677624,1.933328,-13.191260,-4.677624,1.933328,-13.191260
0.302485,-6.014393,-2.206831,0.362141,-5.307868,-2.009101,0.864220,-4.542230,-1.185012,1.991456,-3.042475,0.059456,0.042069,-5.287357,0.388993,-1.074593,-5.666853,-0.024198,1.206635,-3.607288,0.721805,-4.677624,1.933328,-13.191260,-4.677624,1.933328,-13.191260
0.077020,-6.013902,-1.934605,0.224961,-5.289678,-1.828976,0.809052,-4.515086,-1.092851,2.069361,-2.980296,0.122832,0.055919,-5.295493,0.350985,-1.114008,-5.305693,0.113580,1.220258,-3.643331,0.745215,-4.677624,1.933328,-13.191260,-4.677624,1.933328,-13.191260
0.030897,-5.782957,-1.603078,0.177856,-5.063823,-1.681597,0.807992,-4.453865,-1.106277,2.207466,-2.822795,0.088800,0.055861,-5.265135,0.367238,-0.794100,-4.925271,0.210437,1.208003,-3.551378,0.749323,-4.677624,1.933328,-13.191260,-4.677624,1.933328,-13.191260
-0.212243,-5.375134,-1.192974,-0.060087,-4.706587,-1.453914,1.080469,-4.238983,-0.816325,2.292949,-2.802574,0.129384,0.158721,-5.628840,0.261393,-0.150723,-4.511763,0.114159,1.226220,-3.560988,0.779168,-4.677624,1.933328,-13.191260,-4.677624,1.933328,-13.191260
-0.556915,-4.891358,-0.996825,-0.121876,-4.481426,-1.345402,1.104800,-4.190097,-0.784366,2.326289,-2.857304,0.156307,0.404637,-5.355585,0.333625,-0.396618,-4.606635,0.131245,1.227332,-3.565012,0.772263,-4.677624,1.933328,-13.191260,-4.677624,1.933328,-13.191260
-0.693919,-4.784805,-0.774943,-0.246046,-4.399509,-1.244216,1.087563,-4.131312,-0.820668,2.327184,-2.880760,0.156864,-0.028386,-4.909084,0.540770,-0.352031,-4.642988,0.087055,1.211652,-3.576719,0.771061,-4.677624,1.933328,-13.191260,-4.677624,1.933328,-13.191260
-0.688781,-4.753827,-0.690240,-0.221956,-4.420803,-1.234445,1.070565,-4.114232,-0.812219,2.317554,-2.875076,0.156255,0.398414,-5.333113,0.362596,-0.356019,-4.647958,0.085282,1.225643,-3.599669,0.761371,-4.677624,1.933328,-13.191260,-4.677624,1.933328,-13.191260
-0.714246,-4.722154,-0.635034,-0.225845,-4.449604,-1.192426,1.069708,-4.093464,-0.798736,2.342835,-2.895276,0.157764,0.406882,-5.332473,0.375487,-0.210190,-4.887213,-0.610172,1.195690,-3.571179,0.761292,-4.677624,1.933328,-13.191260,-4.677624,1.933328,-13.191260
-0.742916,-4.722286,-0.660801,-0.227013,-4.463964,-1.126295,1.051564,-4.106628,-0.784943,2.348068,-2.904003,0.158177,0.401357,-5.304223,0.388404,-4.677624,1.933328,-13.191260,1.216681,-3.601552,0.776416,-4.677624,1.933328,-13.191260,-4.677624,1.933328,-13.191260
-4.677624,1.933328,-13.191260,-0.261934,-4.523072,-0.989107,1.041211,-4.056504,-0.728195,2.362812,-2.895105,0.158506,0.402899,-5.243436,0.383934,-4.677624,1.933328,-13.191260,1.213127,-3.597893,0.763995,-4.677624,1.933328,-13.191260,-4.677624,1.933328,-13.191260
